name,homo,lumo
DMC,-6.5,0.5
DEC,-6.45,0.52
EC,-6.8,0.35
EMC,-6.4,0.53
PC,-6.65,0.42
DOL,-6.15,0.65
DME,-6.2,0.6
AN,-7.2,0.05
THF,-6.05,0.7
FEC,-7.1,-0.2
VC,-6.85,-0.35
PS,-6.95,-0.45
SN,-7.5,-0.1
ADN,-7.42,-0.12
DTD,-7.05,-0.4
Quercetin,-5.3,0.82
Catechin,-5.45,0.78
Epigallocatechin,-5.35,0.8
Gallic_Acid,-6.4,0.15
Resveratrol,-5.2,0.88
Kaempferol,-5.25,0.79
Naringenin,-5.55,0.75
Apigenin,-5.4,0.73
Luteolin,-5.28,0.76
Genistein,-5.35,0.71
